KEYWORD	TITLE	ASTM_FOUND	PROPOSED	FLAG
AS_93348_001	آزمون تعیین عدد اکتان	D2699; D2700		CHOOSE: D2699, D2700
AS_45859_002	آزمون خوردگی در دمای 121 درجه سانتی گراد	-		CHECK (ASTM w/o D-letter: D5968)
AS_80528_003	آزمون خوردگی در دمای 135 درجه سانتی گراد	D6594	D6594	OK
AS_89969_004	آزمون قابلیت جدا شدن آب از روغن و سیال های سنتزی	-		NO-ASTM (only: ISO 6614 2019)
AS_74465_005	آزمون لکه مواد قیری	-		NO-ASTM (only: AASHTO T 102-83 2007 Table 1)
AS_30633_006	آماده سازی نمونه فرآورده های نفتی و روان کننده برای آنالیز	-		NO-ASTM (only: INSO 18033)
AS_67685_007	اندازه گیرى عدد اسیدى	-		NO-ASTM (only: INSO 199 1401 Clause 8)
AS_23337_008	اندازه گیری آب از طریق تیتراسیون کارل فیشر(کولومتری)	D6304	D6304	OK
AS_02327_009	اندازه گیری آب به روش تقطیر	D4006; D95		CHOOSE: D4006, D95
AS_71882_010	اندازه گیری آب در افزودنی ها به روش تیتراسیون کلومتری با دستگاه کارل فیشر	D6304	D6304	OK
AS_36513_011	اندازه گیری آب و رسوبات به روش سانتریفیوژ	D4007	D4007	OK
AS_94572_012	اندازه گیری آلومینیوم به روش طیف سنجی نشر اتمی پلاسمای جفت شده القایی	-		NO-ASTM (only: INSO 14451 1401)
AS_47030_013	اندازه گیری اب به روش کارل فیشرودین استارک	-		NO-ASTM (only: ISIRI 154 1375 Clause 4)
AS_95874_014	اندازه گیری استرانسیم به روش طیف سنجی نشر اتمی پلاسمای جفت شده القایی	-		NO-ASTM (only: INSO 14451 1401)
AS_91033_015	اندازه گیری اسید آزاد	D128	D128	OK
AS_10149_016	اندازه گیری باریم به روش طیف سنجی نشر اتمی پلاسمای جفت شده القایی	-		NO-ASTM (only: INSO 14451 1401)
AS_38791_017	اندازه گیری بور به روش طیف سنجی نشر اتمی پلاسمای جفت شده القایی	-		NO-ASTM (only: INSO 21565 1401)
AS_35589_018	اندازه گیری تیتانیوم به روش طیف سنجی نشر اتمی پلاسمای جفت شده القایی	-		NO-ASTM (only: INSO 14451 1401)
AS_66643_019	اندازه گیری جیوه کل به روش احتراق و جذب اتمی بخار سرد مستقیم با تصحیح زمینه زیمان	-		NO-ASTM (only: INSO 15722 1402)
AS_09521_020	اندازه گیری خاکستر	D482	D482	OK
AS_78253_021	اندازه گیری خوردگی نوار مسى	-		NO-ASTM (only: INSO 3299 1402 Table 1)
AS_98760_022	اندازه گیری دانسیته	D1481; D446		CHOOSE: D1481, D446
AS_94053_023	اندازه گیری دانسیته و دانسیته نسبی مایعات به وسیله دانسیته متر دیجیتالی	D4294	D4294	OK
AS_97955_024	اندازه گیری درصد عبور UV از گلایکول	E2193	E2193	OK
AS_87712_025	اندازه گیری رسوب به روش استخراج	D473	D473	OK
AS_79882_026	اندازه گیری رنگ	D1500	D1500	OK
AS_63324_027	اندازه گیری رنگ سیبلت	D156	D156	TRAP-FIX (verify)
AS_76436_028	اندازه گیری روغن	-		NO-ASTM (only: INSO 2544 1401)
AS_59828_029	اندازه گیری روی به وسیله دستگاه طیف سنج نشر اتمی - پلاسمای القایی	-		NO-ASTM (only: INSO 22260 1402 Table 1)
AS_47277_030	اندازه گیری سدیم توسط طیف سنجی نشر پلاسمای جفت شده القایی	-		NO-ASTM (only: INSO 14451 1401)
AS_45333_031	اندازه گیری سرب به روش طیف سنجی نشر اتمی پلاسمای جفت شده القایی	-		NO-ASTM (only: INSO 14451 1401)
AS_12987_032	اندازه گیری سیلیسیم به روش طیف سنجی نشر اتمی پلاسمای جفت شده القایی	-		NO-ASTM (only: INSO 14451 1401)
AS_99825_033	اندازه گیری عدد اسیدی	-		NO-ASTM (only: INSO 18030 1402)
AS_40113_034	اندازه گیری عدد اسیدی -روش تیتراسیون پتانسیومتری	D664	D664	OK
AS_03506_035	اندازه گیری عدد اکتان بنزین به روش موتور	D2700	D2700	OK
AS_13570_036	اندازه گیری عدد قلیائى کل	-		NO-ASTM (only: INSO 22260 1402 Table 1)
AS_83735_037	اندازه گیری عدد قلیایی - روش تیتراسیون	D2896	D2896	OK
AS_44049_038	اندازه گیری عدد قلیایی-روش پتانسیومتری پرکلریک	D2896	D2896	OK
AS_16863_039	اندازه گیری عناصر آهن توسط طیف سنجی نشری پلاسمای جفت شده القایی	-		NO-ASTM (only: INSO 14451 1401)
AS_60313_040	اندازه گیری عناصر منگنز توسط طیف سنجی نشری پلاسمای جفت شده القایی	-		NO-ASTM (only: INSO 14451 1401)
AS_23576_041	اندازه گیری عناصر منیزیم توسط طیف سنجی نشری پلاسمای جفت شده القایی	-		NO-ASTM (only: INSO 14451 1401)
AS_08653_042	اندازه گیری عناصر کبالت توسط طیف سنجی نشری پلاسمای جفت شده القایی	-		NO-ASTM (only: INSO 14451 1401)
AS_11628_043	اندازه گیری عناصرروی توسط طیف سنجی نشری پلاسمای جفت شده القایی	-		NO-ASTM (only: INSO 14451 1401)
AS_93437_044	اندازه گیری عناصرمس توسط طیف سنجی نشری پلاسمای جفت شده القایی	-		NO-ASTM (only: INSO 14451 1401)
AS_30561_045	اندازه گیری غلظت اسید ینزوئیک و اسید سوربیک به روش کروماتوگرافی مایع با کارایی بالا	-		NO-ASTM (only: INSO 11541 1400)
AS_20090_046	اندازه گیری فسفر به وسیله دستگاه طیف سنج نشر اتمی - پلاسمای القایی	-		NO-ASTM (only: INSO 22260 1402 Table 1)
AS_85250_047	اندازه گیری فشار بخار (روش رید)	D323	D323	OK
AS_66814_048	اندازه گیری قلع به روش طیف سنجی نشر اتمی پلاسمای جفت شده القایی	-		NO-ASTM (only: INSO 14451 1401)
AS_97511_049	اندازه گیری قلیایی آزاد	D128	D128	OK
AS_15785_050	اندازه گیری قلیاییت کل	-		NO-ASTM (only: INSO 22260-A1 1399)
AS_52503_051	اندازه گیری لیتیوم به روش طیف سنجی نشر اتمی پلاسمای جفت شده القایی	-		NO-ASTM (only: INSO 14451 1401)
AS_43069_052	اندازه گیری محدوده تقطیر	D1078	D1078	OK
AS_09994_053	اندازه گیری مرکاپتان	UOP 163	UOP 163	OK
AS_20669_054	اندازه گیری مس به وسیله دستگاه طیف سنج نشر اتمی - پلاسمای القایی	-		NO-ASTM (only: INSO 22260 1402 Table 1)
AS_88113_055	اندازه گیری مقدار آب	D6304; E1064		CHOOSE: D6304, E1064
AS_29929_056	اندازه گیری مقدار آلدهید	E2313	E2313	OK
AS_89889_057	اندازه گیری مقدار آهن	E1615	E1615	OK
AS_53446_058	اندازه گیری مقدار اسیدیته	D1613	D1613	OK
AS_39409_059	اندازه گیری مقدار خاکستر	D482	D482	OK
AS_21031_060	اندازه گیری مقدار رنگ	D1209	D1209	OK
AS_18021_061	اندازه گیری مقدار کلراید	E2469	E2469	OK
AS_00064_062	اندازه گیری منیزیم به وسیله دستگاه طیف سنج نشر اتمی - پلاسمای القایی	-		NO-ASTM (only: INSO 22260 1402 Table 1)
AS_96548_063	اندازه گیری مولیبدن به روش طیف سنجی نشر اتمی پلاسمای جفت شده القایی	-		NO-ASTM (only: INSO 14451 1401)
AS_36104_064	اندازه گیری میزان خاکستر	-		NO-ASTM (only: INSO 2940 1403 Method B)
AS_49176_065	اندازه گیری میزان خاکستر برحسب درصد وزنی	D482	D482	OK
AS_14674_066	اندازه گیری میزان خاکستر سولفاته	-	D874	TRAP-FIX (verify)
AS_62140_067	اندازه گیری نقره به روش طیف سنجی نشر اتمی پلاسمای جفت شده القایی	-		NO-ASTM (only: INSO 14451 1401)
AS_79390_068	اندازه گیری نقطه اشتعال با دستگاه سربسته پنسکى مارتنز	D93	D93	OK
AS_96932_069	اندازه گیری نقطه اشتعال با دستگاه سربسته پنسکی مارتنز	D93	D93	OK
AS_81768_070	اندازه گیری نقطه اشتعال به روش بسته با دستگاه مقیاس کوچک - روش الف	D93	D3828	TRAP-FIX (verify)
AS_68589_071	اندازه گیری نیکل به روش طیف سنجی نشر اتمی پلاسمای جفت شده القایی	-		NO-ASTM (only: INSO 14451 1401)
AS_42423_072	اندازه گیری وانادیم به روش طیف سنجی نشر اتمی پلاسمای جفت شده القایی	-		NO-ASTM (only: INSO 14451 1401)
AS_79247_073	اندازه گیری ویسکوزیته سیال	D1481; D446		CHOOSE: D1481, D446
AS_43124_074	اندازه گیری ویسکوزیته کینماتیک مایعات شفاف و کدر با هولیون ویسکومتر	D7279	D7279	OK
AS_46877_075	اندازه گیری پالادیم به روش طیف سنجی نشر اتمی پلاسمای جفت شده القایی	-		NO-ASTM (only: INSO 14451 1401)
AS_86150_076	اندازه گیری پلاتین به روش طیف سنجی نشر اتمی پلاسمای جفت شده القایی	-		NO-ASTM (only: INSO 14451 1401)
AS_45240_077	اندازه گیری چگالی	-		NO-ASTM (only: INSO 197 1399)
AS_50221_078	اندازه گیری چگالی با استفاده از چگالی سنج با نمایشگر عددی	D4052	D4052	OK
AS_13598_079	اندازه گیری چگالی نسبی با استفاده از چگالی سنج با نمایشگر عددی	D4052	D4052	OK
AS_45447_080	اندازه گیری چگالی،چگالی نسبی یا گراویتی API با استفاده از روش هیدرومتر	D1298	D1298	OK
AS_60972_081	اندازه گیری کروم به روش طیف سنجی نشر اتمی پلاسمای جفت شده القایی	-		NO-ASTM (only: INSO 14451 1401)
AS_39580_082	اندازه گیری کلسیم به وسیله دستگاه طیف سنج نشر اتمی - پلاسمای القایی	-		NO-ASTM (only: INSO 22260 1402 Table 1)
AS_55967_083	اندازه گیری گرانروی در دماى 100 درجه سانتیگراد	-		NO-ASTM (only: INSO 3299 1402 Table 1)
AS_47794_084	اندازه گیری گرانروی و چگالی مایعات بوسیله گرانروی سنج استابینگر ( و محاسبه گرانروی کینماتیک)	-	D7042	TRAP-FIX (verify)
AS_33184_085	اندازه گیری گرانروی و کینماتیک مایعات شفاف و تیره (و محاسبه گرانروی دینامیک)	D445	D445	OK
AS_45235_086	اندازه گیری گرانروی کینماتیک	-		NO-ASTM (only: INSO 340 1402)
AS_30387_087	اندازه گیری گراویتی API با استفاده از چگالی سنج با نمایشگر عددی	D4052	D4052	OK
AS_99314_088	اندازه گیری گوگرد	D4294	D4294	OK
AS_98807_089	اندازه گیری گوگرد (تیول مرکاپتان) - روش پتانسیومتری	D3227	D3227	OK
AS_77015_090	اندازه گیری گوگرد (تیول مرکاپتان) به روش پتانسیومتری	D3227	D3227	OK
AS_71182_091	اندازه گیری گوگرد (تیول مرکاپتان) حاصل از تقطیر و توربین های هواپیما به روش پتانسیومتری	D322; D3227		CHOOSE: D322, D3227
AS_43069_092	اندازه‌گیری آب به روش کارل فیشر	D6304	D6304	OK
AS_23714_093	اندازه‌گیری آهن توسط طیف سنجی نشر پلاسمای جفت شده القایی	-		NO-ASTM (only: INSO 21565 1401)
AS_17219_094	اندازه‌گیری بنزن، تولوئن، اتیل بنزن پارا - متا - زایلن، ارتو، زایلن، آروماتیک های 9 کربنه و سنگین تر و کل ترکیبات آروماتیک در بنزین های نهایی به روش کروماتوگرافی گازی	-		NO-ASTM (only: INSO 17268)
AS_68987_095	اندازه‌گیری تقطیر در فشار اتمسفر	D86	D86	OK
AS_63314_096	اندازه‌گیری روی توسط طیف سنجی نشر پلاسمای جفت شده القایی	-		NO-ASTM (only: INSO 21565 1401)
AS_30521_097	اندازه‌گیری سولفور توسط طیف سنجی نشر پلاسمای جفت شده القایی	-		NO-ASTM (only: INSO 21565 1401)
AS_86966_098	اندازه‌گیری عدد خنثی سازی - روش تیتراسیون پتانسیومتری	-		NO-ASTM (only: INSO 18030 1402)
AS_13089_099	اندازه‌گیری فسفر توسط طیف سنجی نشر پلاسمای جفت شده القایی	-		NO-ASTM (only: INSO 14451 1401)
AS_85823_100	اندازه‌گیری مس توسط طیف سنجی نشر پلاسمای جفت شده القایی	-		NO-ASTM (only: INSO 21565 1401)
AS_37357_101	اندازه‌گیری منیزیم توسط طیف سنجی نشر پلاسمای جفت شده القایی	-		NO-ASTM (only: INSO 21565 1401)
AS_58943_102	اندازه‌گیری نقطه اشتعال با دستگاه سربسته پنسکی - مارتنز	D93	D93	OK
AS_24745_103	اندازه‌گیری نقطه ریزش	D5853; D97		CHOOSE: D5853, D97
AS_89910_104	اندازه‌گیری پتاسیم توسط طیف سنجی نشر پلاسمای جفت شده القایی	-		NO-ASTM (only: INSO 14451 1401)
AS_02696_105	اندازه‌گیری کلسیم توسط طیف سنجی نشر پلاسمای جفت شده القایی	-		NO-ASTM (only: INSO 14451 1401)
AS_89052_106	اندازه‌گیری گرانروی کینماتیک	-		NO-ASTM (only: INSO 1218 1403)
AS_73057_107	اندزاه گیری مقدار Specific Gravity در گلایکول	D4052	D4052	OK
AS_56620_108	تخمین گرمای احتراق خالص و کل	-		NO-ASTM (only: INSO 19451 1398)
AS_59922_109	تشخیص خوردگی تیغة مسی	D130	D130	OK
AS_99532_110	تشخیص خوردگی تیغه مسی	D130	D130	OK
AS_07910_111	تشخیص خوردگی مس	D130; D4048		CHOOSE: D130, D4048
AS_80874_112	تشخیض خوردگی تیغه مسی	D130	D130	OK
AS_90066_113	تعیین آروماتیک کل به روش کروماتوگرافی گازی	D6729; D6730		CHOOSE: D6729, D6730
AS_10666_114	تعیین اجزای منفرد در سوخت موتورهای احتراق جرقه ای به وسیله کروماتوگرافی گازی با تفکیک پذیری بالا و ستون مویین 100 متری (با پیش ستون)	D6730	D6730	OK
AS_30166_115	تعیین بنزن به روش کروماتوگرافی گازی	D6729; D6730		CHOOSE: D6729, D6730
AS_74429_116	تعیین ترکیبات هیدروکربنی در سوخت (بنزینی) به روش کروماتوگرافی گازی به صورت جزء به جزء	D6730	D6730	OK
AS_86548_117	تعیین دانسیته یا دانسیته نسبی - روش های پیکنومتر با درپوش مویین دار	-		NO-ASTM (only: INSO 16037 1398)
AS_79799_118	تعیین درجه حلالیت مواد قیری در تری کلرواتیلن	-		NO-ASTM (only: INSO 12505-1 1400 Table 1)
AS_12667_119	تعیین ذرات سخت	D1404	D1404	OK
AS_30884_120	تعیین رنگ بر اساس مقیاس ASTM	D1500	D1500	OK
AS_37898_121	تعیین مقدار pH اولیه	D7946	D7946	OK
AS_24154_122	تعیین مقدار افزودنی های بازدارنده	-		NO-ASTM (only: IEC 60666 Clause 3-3)
AS_76235_123	تعیین مقدار گوگرد به روش طیف سنجى فلورسانس یرتو ایکس با پاشندگى انرژی	D4294	D4294	OK
AS_69402_124	تعیین مقدار گوگرد به روش طیف سنجى فلورسانس یرتو ایکس با پاشندگى انرژی- (به غیر از بنزین)	D4294	D4294	OK
AS_71450_125	تعیین مقدار گوگرد به روش طیف سنجی فلورسانس پرتو ایکس با پاشندگی انرژی	D1319; D2500; D4294		CHOOSE: D1319, D2500, D4294
AS_53330_126	تعیین نقطه ابری شدن	D2500	D2500	OK
AS_55943_127	تعیین نقطه اشتعال - روش کاپ بسته پنسکی - مارتین	-		NO-ASTM (only: IEC 60296)
AS_70565_128	تعیین نقطه جوش	D1120	D1120	OK
AS_48963_129	تعیین نقطه ریزش	-		NO-ASTM (only: IEC 60296 Clause 10-2)
AS_29417_130	تعیین ویسکوزیته سینماتیک	-		NO-ASTM (only: IEC 60296)
AS_68870_131	تعیین گوگرد (تیول مرکاپتان) - روش پتانسیومتری	D3227	D3227	OK
AS_38527_132	تقطیر در فشار اتمسفر	D86	D86	OK
AS_69862_133	تقطیر در فشار اتمفسر	D86	D86	OK
AS_17625_134	حداکثر درصد جرمی گوگرد	D4294; D7039		CHOOSE: D4294, D7039
AS_05891_135	خوردگی نوار مس در دمای 100 درجه سانتی گراد و 3 ساعت	-		NO-ASTM (only: INSO 6423 1404 Table 2)
AS_62067_136	شاخص گرانروی	-	D2270	TRAP-FIX (verify)
AS_92606_137	شناسایی گوگرد تیول مرکاپتان (روش پتانسیو متریک)	D3227	D3227	OK
AS_21818_138	طیف گیری از نمونه-ها درناحیه مادون قرمز توسط دستگاه FT-IR	E2412	E2412	OK
AS_58729_139	عدد خنثی شدن کل	-		NO-ASTM (only: INSO 199 1401)
AS_07259_140	محاسبه TAME, DIPE,MTBE, ETBE و C1تاC4 بوسیله کرماتوگرافی گازی	D4815	D4815	OK
AS_77332_141	محاسبه توزیع کربن و تجزیه و تحلیل گروه ساختاری به روش n-d-M	-		NO-ASTM (only: INSO 17761 1402)
AS_24337_142	محاسبه شاخص ستان به روش معادله چهار متغیره	D4737	D4737	OK
AS_27082_143	محاسبه شاخص ستان سوخت های حاصل از بخش میانی برج تقطیر به روش معادله چهار متغیره	-		NO-ASTM (only: INSO 8525 1398)
AS_27764_144	محاسبه شاخص ستان سوخت های حاصل از تقطیر	D976	D976	OK
AS_13550_145	محاسبه شاخص گرانروی با استفاده از گرانروی سینماتیک در دمای 40 درجه و 100 درجه سانتیگراد	D2270	D2270	TRAP-FIX (verify)
AS_42807_146	محاسبه فشار بخار واقعی	-		EXCLUDE (no ASTM / calc)
AS_71964_147	محاسبه ویسکوزیته دینامیک	-		NO-ASTM (only: IEC 60296)
AS_59447_148	مواد نامحلول در پنتان	D893	D893	OK
AS_05147_149	نقطه اشتعال	D93	D93	OK
AS_10878_150	نقطه اشتعال به روش بسته	-		NO-ASTM (only: IGS-C-TP-016(0))
AS_67907_151	نمونه برداری دستی	D4057	D4057	OK
AS_84661_152	وجود آب در روش کراکل	-		NO-ASTM (only: Oil Analysis Noria Tribology)
AS_97917_153	پایداری برشی (گرانروی در دمای 100 درجه سانتی گراد پس از 90 گردش)	-		EXCLUDE (no ASTM / calc)
AS_55110_154	پایداری برشی (گرانروی کینماتیک در دمای 100درجه سانتی گراد پس از انجام آزمون)	-		EXCLUDE (no ASTM / calc)
AS_62644_155	چگالی در 15 درجه سانتی گراد	D1298; D4052		CHOOSE: D1298, D4052
AS_55958_156	گرانروی در 40 درجه سانتی گراد	D445	D445	OK
AS_03300_157	گرانروی کینماتیک در دمای 100 درجه سانتی گراد و با سرعت برش کم	-		NO-ASTM (only: INSO 22260 1399 Table 1)
AS_99740_158	گرانروی کینماتیک در دمای 150 درجه سانتی گراد و با سرعت برش زیاد	D5481	D5481	OK
AS_90904_159	گرانروی کینماتیک در دمای 50 درجه سانتی گراد	D445; D7042		CHOOSE: D445, D7042
AS_10471_160	گرانروی کینماتیک مایعات در دمای 100 درجه سانتی گراد	-		NO-ASTM (only: INSO 2975 1402 Table 1)
AS_74579_161	گرانروی کینماتیک مایعات در دمای 40 درجه سانتی گراد	-		NO-ASTM (only: INSO 2975 1402 Table 1)